trained_task,eval_task,eval_loss,eval_acc
0,0,0.1008230150027069,0.9759
1,0,0.15400854251911006,0.9578
1,1,0.35194107876706404,0.8991
2,0,0.3533956081163547,0.8981
2,1,0.8874744635382668,0.7382
2,2,0.33620205369684847,0.9042
3,0,0.4354441558191429,0.8745
3,1,1.7815982308350504,0.6206
3,2,0.5813419687650166,0.8412
3,3,0.3230056349413935,0.9104
4,0,0.7770742778284475,0.7976
4,1,2.142380289375782,0.5288
4,2,0.8375796362808906,0.7705
4,3,0.4700859499373473,0.8612
4,4,0.3295220298510394,0.903
