eval_task,after_task_0,after_task_1,after_task_2,after_task_3,after_task_4
0,0.903100,0.906600,0.872200,0.787600,0.638700
1,0.871400,0.921500,0.920600,0.885500,0.782000
2,0.780800,0.873900,0.931400,0.932400,0.885600
3,0.607600,0.750000,0.881300,0.936900,0.935800
4,0.438200,0.570600,0.775500,0.896200,0.945300
