eval_task,after_task_0,after_task_1,after_task_2,after_task_3,after_task_4
0,1.000000,1.000000,1.000000,1.000000,1.000000
1,0.511753,0.915279,0.922135,0.920176,0.922135
2,0.518677,0.518677,0.945571,0.939168,0.941836
3,0.352971,0.351460,0.347936,0.939074,0.942095
4,0.609178,0.608674,0.608674,0.608674,0.913263
