{
  "results": {
    "0": [
      1.0,
      1.0,
      1.0,
      1.0,
      1.0
    ],
    "1": [
      0.5117531831537708,
      0.915279138099902,
      0.9221351616062684,
      0.9201762977473066,
      0.9221351616062684
    ],
    "2": [
      0.5186766275346851,
      0.5186766275346851,
      0.9455709711846318,
      0.9391675560298826,
      0.9418356456776947
    ],
    "3": [
      0.35297079556898286,
      0.351460221550856,
      0.34793554884189326,
      0.9390735146022156,
      0.9420946626384693
    ],
    "4": [
      0.6091780131114473,
      0.6086737266767523,
      0.6086737266767523,
      0.6086737266767523,
      0.9132627332324761
    ]
  },
  "task_names": [
    "Digits [0, 1]",
    "Digits [2, 3]",
    "Digits [4, 5]",
    "Digits [6, 7]",
    "Digits [8, 9]"
  ],
  "method_name": "FOPNG",
  "dataset_name": "Split MNIST"
}