eval_task,after_task_0,after_task_1,after_task_2,after_task_3,after_task_4
0,1.000000,1.000000,1.000000,1.000000,1.000000
1,0.397649,0.969638,0.904995,0.923604,0.914300
2,0.421025,0.262006,0.991462,0.986660,0.985059
3,0.453172,0.438570,0.460222,0.988419,0.985398
4,0.331316,0.346949,0.312658,0.283913,0.969743
