trained_task,eval_task,eval_loss,eval_acc
0,0,0.3429014326948673,0.9005
1,0,0.34992511655204,0.8945
1,1,0.2906364076398313,0.9172
2,0,0.4123070526951924,0.873
2,1,0.3158403679425828,0.9093
2,2,0.27291844970826057,0.9225
3,0,0.5070272526163608,0.837
3,1,0.3539833253696561,0.8921
3,2,0.30519087599404154,0.9122
3,3,0.2510335767865181,0.9278
4,0,0.6809156717061996,0.7705
4,1,0.41087938703689725,0.8726
4,2,0.33101607810519634,0.9
4,3,0.27435072737559674,0.9178
4,4,0.24062841101712548,0.9293
