eval_task,after_task_0,after_task_1,after_task_2,after_task_3,after_task_4
0,0.900500,0.878800,0.801800,0.733000,0.653300
1,0.094500,0.916900,0.859800,0.850000,0.808000
2,0.122100,0.151300,0.923700,0.886500,0.814500
3,0.132400,0.111600,0.153700,0.928700,0.895100
4,0.120100,0.105600,0.098700,0.114300,0.932900
