eval_task,after_task_0,after_task_1,after_task_2,after_task_3,after_task_4
0,0.903300,0.903300,0.855200,0.855800,0.779000
1,0.096900,0.096900,0.919100,0.093900,0.882500
2,0.097200,0.097200,0.126400,0.917600,0.127200
3,0.073800,0.073800,0.110100,0.075200,0.925900
4,0.085100,0.085100,0.090500,0.055800,0.098600
