eval_task,after_task_0,after_task_1,after_task_2,after_task_3,after_task_4
0,0.900500,0.884000,0.811000,0.723200,0.646400
1,0.919000,0.863200,0.842100,0.800700,
2,0.924200,0.884900,0.808700,,
3,0.929900,0.886600,,,
4,0.932200,,,,
