trained_task,eval_task,eval_loss,eval_acc
0,0,0.3429014326948673,0.9005
1,0,0.4067420555078424,0.884
1,1,0.2897562648076564,0.919
2,0,0.6159633971217554,0.811
2,1,0.4348408388607204,0.8632
2,2,0.2667602728880011,0.9242
3,0,0.9529713119007647,0.7232
3,1,0.5051990251489915,0.8421
3,2,0.392591106146574,0.8849
3,3,0.2440393276507966,0.9299
4,0,1.4544086555279792,0.6464
4,1,0.6521799734076485,0.8007
4,2,0.6381416254378856,0.8087
4,3,0.3713740977197886,0.8866
4,4,0.2335057620331645,0.9322
