eval_task,after_task_0,after_task_1,after_task_2,after_task_3,after_task_4
0,0.903300,0.852900,0.715100,0.674200,0.567200
1,0.096900,0.919500,0.896600,0.812700,0.797200
2,0.097200,0.124900,0.921100,0.879500,0.844500
3,0.073900,0.107600,0.093500,0.929700,0.882800
4,0.085100,0.088600,0.061100,0.068000,0.935600
