eval_task,after_task_0,after_task_1,after_task_2,after_task_3,after_task_4
0,0.975900,0.957900,0.898500,0.874300,0.795200
1,0.898800,0.734600,0.620600,0.525600,
2,0.903700,0.840500,0.778300,,
3,0.910500,0.859700,,,
4,0.902600,,,,
