trained_task,eval_task,eval_loss,eval_acc
0,0,0.1008230150027069,0.9759
1,0,0.15449177637026265,0.9579
1,1,0.3517961172912037,0.8988
2,0,0.35175526939807106,0.8985
2,1,0.9003631728356705,0.7346
2,2,0.335389841764525,0.9037
3,0,0.4401072344938002,0.8743
3,1,1.800372843472287,0.6206
3,2,0.5791291681232397,0.8405
3,3,0.3223987397093151,0.9105
4,0,0.7835472630484728,0.7952
4,1,2.1927324865683913,0.5256
4,2,0.8080131144006737,0.7783
4,3,0.4726724641838809,0.8597
4,4,0.32828145323268837,0.9026
