eval_task,after_task_0,after_task_1,after_task_2,after_task_3,after_task_4
0,0.978000,0.978200,0.965400,0.928000,0.869900
1,0.958300,0.975200,0.974300,0.961000,0.924600
2,0.896400,0.944700,0.965600,0.963900,0.950600
3,0.771100,0.853200,0.915400,0.949700,0.954200
4,0.589400,0.679000,0.792300,0.898900,0.940200
