{
  "results": {
    "0": [
      0.9990543735224586,
      0.9985815602836879,
      0.9990543735224586,
      0.9995271867612293,
      0.9995271867612293
    ],
    "1": [
      0.49461312438785504,
      0.9671890303623898,
      0.8903036238981391,
      0.9280117531831538,
      0.8731635651322233
    ],
    "2": [
      0.5240128068303095,
      0.5240128068303095,
      0.9823906083244397,
      0.9765208110992529,
      0.9834578441835645
    ],
    "3": [
      0.4823766364551863,
      0.4823766364551863,
      0.4823766364551863,
      0.9939577039274925,
      0.9859013091641491
    ],
    "4": [
      0.5088250126071608,
      0.5088250126071608,
      0.5098335854765507,
      0.5088250126071608,
      0.9667170953101362
    ]
  },
  "task_names": [
    "Digits [0, 1]",
    "Digits [2, 3]",
    "Digits [4, 5]",
    "Digits [6, 7]",
    "Digits [8, 9]"
  ],
  "method_name": "OGD",
  "dataset_name": "Split MNIST"
}