eval_task,after_task_0,after_task_1,after_task_2,after_task_3,after_task_4
0,0.881900,0.867100,0.841300,0.801500,0.755000
1,0.091400,0.904300,0.877600,0.860000,0.813000
2,0.121900,0.156500,0.907100,0.886000,0.851600
3,0.128600,0.113600,0.152000,0.911500,0.880400
4,0.129200,0.105000,0.102100,0.115000,0.912000
