{
  "results": {
    "0": [
      1.0,
      1.0,
      1.0,
      1.0,
      1.0
    ],
    "1": [
      0.39764936336924583,
      0.9696376101860921,
      0.905484818805093,
      0.9236043095004897,
      0.9142997061704211
    ],
    "2": [
      0.4210245464247599,
      0.26200640341515474,
      0.991462113127001,
      0.987726787620064,
      0.9850586979722519
    ],
    "3": [
      0.45317220543806647,
      0.4385699899295065,
      0.4602215508559919,
      0.9884189325276939,
      0.9853977844914401
    ],
    "4": [
      0.3313161875945537,
      0.3469490670700958,
      0.3111447302067574,
      0.28290468986384265,
      0.9697428139183056
    ]
  },
  "task_names": [
    "Digits [0, 1]",
    "Digits [2, 3]",
    "Digits [4, 5]",
    "Digits [6, 7]",
    "Digits [8, 9]"
  ],
  "method_name": "FOPNG",
  "dataset_name": "Split MNIST"
}