{
  "results": {
    "0": [
      0.9990543735224586,
      0.9981087470449173,
      0.9976359338061466,
      0.9985815602836879,
      0.9971631205673759
    ],
    "1": [
      0.49461312438785504,
      0.9671890303623898,
      0.8805093046033301,
      0.9211557296767875,
      0.8623898139079333
    ],
    "2": [
      0.5240128068303095,
      0.5240128068303095,
      0.983991462113127,
      0.9807897545357525,
      0.9834578441835645
    ],
    "3": [
      0.4823766364551863,
      0.4823766364551863,
      0.4823766364551863,
      0.9934541792547835,
      0.9859013091641491
    ],
    "4": [
      0.5088250126071608,
      0.5083207261724659,
      0.5098335854765507,
      0.5088250126071608,
      0.9672213817448311
    ]
  },
  "task_names": [
    "Digits [0, 1]",
    "Digits [2, 3]",
    "Digits [4, 5]",
    "Digits [6, 7]",
    "Digits [8, 9]"
  ],
  "method_name": "SGD",
  "dataset_name": "Split MNIST"
}