eval_task,after_task_0,after_task_1,after_task_2,after_task_3,after_task_4
0,0.973100,0.963900,0.944600,0.905100,0.882800
1,0.117700,0.865400,0.797500,0.728400,0.684800
2,0.099600,0.106400,0.870700,0.813900,0.813400
3,0.124100,0.105300,0.126900,0.875900,0.832700
4,0.065800,0.100000,0.094300,0.079500,0.870900
