eval_task,after_task_0,after_task_1,after_task_2,after_task_3,after_task_4
0,0.903300,0.895400,0.872700,0.810200,0.752700
1,0.096900,0.917900,0.900300,0.844800,0.819800
2,0.097200,0.124800,0.921100,0.886400,0.856100
3,0.073900,0.113600,0.094200,0.929600,0.894000
4,0.085100,0.093300,0.062200,0.078700,0.933000
