trained_task,eval_task,eval_loss,eval_acc
0,0,0.108529014006521,0.9718
1,0,0.17256125128449185,0.9499
1,1,0.3695616392767988,0.892
2,0,0.2331264752442512,0.9303
2,1,0.5408795060282573,0.8321
2,2,0.35881851659249514,0.8946
3,0,0.41765868053780286,0.8704
3,1,1.0382531592063606,0.6957
3,2,0.49690738899167625,0.8466
3,3,0.3446817927167285,0.8975
4,0,0.5841834403817484,0.8272
4,1,1.1105648831278085,0.6792
4,2,0.5655807243208401,0.8283
4,3,0.47156100793601946,0.8535
4,4,0.3525503983090166,0.892
