eval_task,after_task_0,after_task_1,after_task_2,after_task_3,after_task_4
0,0.999054,0.998109,0.997636,0.998582,0.997163
1,0.494613,0.967189,0.880509,0.921156,0.862390
2,0.524013,0.524013,0.983991,0.980790,0.983458
3,0.482377,0.482377,0.482377,0.993454,0.985901
4,0.508825,0.508321,0.509834,0.508825,0.967221
