eval_task,after_task_0,after_task_1,after_task_2,after_task_3,after_task_4
0,0.975800,0.962200,0.919900,0.871200,0.801000
1,0.120600,0.881700,0.808700,0.794700,0.740500
2,0.114200,0.102800,0.895200,0.856300,0.780800
3,0.054900,0.089900,0.088900,0.889300,0.772900
4,0.086000,0.113400,0.095200,0.104600,0.894500
