eval_task,after_task_0,after_task_1,after_task_2,after_task_3,after_task_4
0,1.000000,1.000000,1.000000,1.000000,1.000000
1,0.397649,0.978942,0.836925,0.699314,0.523996
2,0.421025,0.216649,0.993597,0.965315,0.940235
3,0.453172,0.417422,0.462739,0.993454,0.979859
4,0.331316,0.336359,0.349975,0.385779,0.975794
