{
  "results": {
    "0": [
      1.0,
      1.0,
      1.0,
      1.0,
      1.0
    ],
    "1": [
      0.39764936336924583,
      0.9789422135161606,
      0.83692458374143,
      0.6993143976493633,
      0.5239960822722821
    ],
    "2": [
      0.4210245464247599,
      0.21664887940234792,
      0.9935965848452508,
      0.9653148345784418,
      0.9402347918890075
    ],
    "3": [
      0.45317220543806647,
      0.4174219536757301,
      0.46273917421953675,
      0.9934541792547835,
      0.9798590130916415
    ],
    "4": [
      0.3313161875945537,
      0.3363590519415028,
      0.34997478567826523,
      0.3857791225416036,
      0.9757942511346445
    ]
  },
  "task_names": [
    "Digits [0, 1]",
    "Digits [2, 3]",
    "Digits [4, 5]",
    "Digits [6, 7]",
    "Digits [8, 9]"
  ],
  "method_name": "FOPNG",
  "dataset_name": "Split MNIST"
}