eval_task,after_task_0,after_task_1,after_task_2,after_task_3,after_task_4
0,0.999054,0.998582,0.999054,0.999527,0.999527
1,0.494613,0.967189,0.890304,0.928012,0.873164
2,0.524013,0.524013,0.982391,0.976521,0.983458
3,0.482377,0.482377,0.482377,0.993958,0.985901
4,0.508825,0.508825,0.509834,0.508825,0.966717
