eval_task,after_task_0,after_task_1,after_task_2,after_task_3,after_task_4
0,0.957700,0.872700,0.753200,0.504500,0.407400
1,0.105700,0.810900,0.629900,0.666100,0.559500
2,0.108700,0.124800,0.753900,0.651500,0.568300
3,0.137200,0.126000,0.115900,0.820000,0.726100
4,0.121100,0.124600,0.091300,0.096100,0.830700
