eval_task,after_task_0,after_task_1,after_task_2,after_task_3,after_task_4
0,0.903100,0.897500,0.846300,0.737500,0.587100
1,0.871400,0.922400,0.914500,0.867700,0.760400
2,0.780800,0.882300,0.933600,0.929600,0.883400
3,0.607600,0.771400,0.888500,0.938500,0.935200
4,0.438200,0.590900,0.784800,0.898600,0.945400
